{
  "controller/attachfiles.controller.js": 1718871375200,
  "manifest.json": 1718871742986,
  "model/models.js": 1714580644000,
  "i18n/i18n.properties": 1714580656000,
  "controller/App.controller.js": 1714580644000,
  "Component.js": 1714580644000,
  "Component-preload.js": 1718871743285,
  "Component-dbg.js": 1714580644000,
  "controller/attachfiles-dbg.controller.js": 1718871375200,
  "controller/App-dbg.controller.js": 1714580644000,
  "model/models-dbg.js": 1714580644000,
  "view/attachfiles.view.xml": 1718864803741,
  "view/App.view.xml": 1714580644000,
  "css/style.css": 1714580644000,
  "index.html": 1714580644000
}